drop database if exists betnet;
create database betnet;
use betnet;

drop table if exists teams;
create table teams (
    teamcode int auto_increment primary key,
    teamname varchar(100) not null
);

drop table if exists members;
create table members (
    memberid int auto_increment primary key,
    username varchar(50) not null unique,
    password varchar(255) not null,
    name varchar(100) not null,
    contact varchar(20),
    email varchar(255) unique not null,
    gender char(1),
    age int,
    joindate date not null default (current_date),
    teamcode int,
    account varchar(255),
    foreign key(teamcode) references teams(teamcode)
    on update cascade
    on delete cascade
);


drop table if exists teamboard;
create table teamboard (
    postid int auto_increment primary key,
    memberid int not null,
    teamcode int not null,
    content longtext not null,
    title varchar(255) not null,
    createdat date not null default (current_date),
    views int default 0,
    foreign key (memberid) references members(memberid)
    on update cascade
    on delete cascade,
    foreign key (teamcode) references teams(teamcode)
    on update cascade
    on delete cascade
);

drop table if exists comments;
create table comments (
    commentid int auto_increment primary key,
    memberid int not null,
    postid int not null,
    commentindex int not null,
    createdat date not null default (current_date),
    content text not null,
    foreign key (memberid) references members(memberid)
    on update cascade
    on delete cascade,
    foreign key (postid) references teamboard(postid)
    on update cascade
    on delete cascade
);

-- 포인트로그 테이블
drop table if exists PointLogs;
CREATE TABLE PointLogs (
    PointLogID INT AUTO_INCREMENT PRIMARY KEY,  -- 포인트 로그 고유 번호 (기본 키, 자동 증가)
    MemberID INT NOT NULL,                     -- 포인트가 증감된 회원의 번호 (외래 키)
    LogDate DATETIME NOT NULL DEFAULT (CURRENT_TIMESTAMP), -- 포인트 증감 발생 날짜
    PointChange INT NOT NULL,                  -- 포인트 증감량 (증가일 경우 양수, 감소일 경우 음수)
    Description int NOT NULL,         -- 포인트 증감 내역 1:  충전, 2: 배당금지급, 3: 게임구매, 4: 포인트출금, 5: 로그인, 6: 게시글작성, 7: 댓글 작성, 8: 광고 클릭 9: 버스예약 10: 버스환불
    FOREIGN KEY (MemberID) REFERENCES Members(MemberID)
    ON UPDATE CASCADE
    ON DELETE CASCADE                          -- 회원 테이블의 외래 키
);

-- 게시판 추천로그 테이블
drop table if exists boardlikelog;
CREATE TABLE boardlikelog (
    boardlikelogid INT AUTO_INCREMENT PRIMARY KEY,  -- 마일리지 로그 고유 번호 (기본 키, 자동 증가)
    MemberID INT NOT NULL,                     -- 마일리지가 증감된 회원의 번호 (외래 키)
    LogDate DATETIME NOT NULL DEFAULT (CURRENT_TIMESTAMP), -- 포인트 증감 발생 날짜
    postid int ,
    FOREIGN KEY (postid) REFERENCES teamboard(postid)
    ON UPDATE CASCADE
    ON DELETE CASCADE ,                        -- 회원 테이블의 외래 키
    FOREIGN KEY (MemberID) REFERENCES members(MemberID)
    ON UPDATE CASCADE
    ON DELETE CASCADE                          -- 회원 테이블의 외래 키
);

-- 댓글 추천로그 테이블
drop table if exists commentlikelog;
CREATE TABLE commentlikelog (
    commentlikelogid INT AUTO_INCREMENT PRIMARY KEY,  -- 마일리지 로그 고유 번호 (기본 키, 자동 증가)
    MemberID INT NOT NULL,                     -- 마일리지가 증감된 회원의 번호 (외래 키)
    LogDate DATETIME NOT NULL DEFAULT (CURRENT_TIMESTAMP), -- 포인트 증감 발생 날짜
    commentid int ,
    FOREIGN KEY (MemberID) REFERENCES members(MemberID)
    ON UPDATE CASCADE
    ON DELETE CASCADE ,                         -- 회원 테이블의 외래 키
    FOREIGN KEY (commentid) REFERENCES comments(commentid)
    ON UPDATE CASCADE
    ON DELETE CASCADE                          -- 회원 테이블의 외래 키
);

drop table if exists GamePurchaseList;
CREATE TABLE GamePurchaseList (
    ListID INT AUTO_INCREMENT PRIMARY KEY,     -- 게임 구매 목록 고유 번호 (기본 키, 자동 증가)
	PointLogID int ,           -- 포인트로그 (외래키)
    FOREIGN KEY (PointLogID) references PointLogs(PointLogID)  -- 포인트그 테이블의 외래 키
    ON update cascade
    on delete cascade
);

drop table if exists GamePurchaseDetails;
CREATE TABLE GamePurchaseDetails (
    DetailID INT AUTO_INCREMENT PRIMARY KEY,    -- 게임 구매 상세 고유 번호 (기본 키, 자동 증가)
    ListID INT NOT NULL,                       -- 구매 목록 번호 (외래 키)
    MatchID varchar(255) , 						-- 경기목록 고유코드(csv)
	winandloss int NOT NULL ,            -- 회원이 선택한 승패 1 : 승 0 : 패
    matchstate int default 1, -- 경기상태  1 : 경기 정상  0 : 경기취소
    correct int default 0, -- 적중 결과 0: 진행중 1 : 적중 2: 적중실패
    oods double ,
    foreign key(ListID) references GamePurchaseList(ListID)
    on update cascade
    on delete cascade
);

-- 회원접속 로그 테이블
drop table if exists access;
create table access (
	accessid int auto_increment primary key,	-- 접속 로그 번호
    memberid int not null,						-- 멤버 아이디
    memberdatetime datetime not null default now(),	-- 접속 날짜
	foreign key (memberid) references members(memberid)
    on update cascade
    on delete cascade

);

-- 굿즈거래(중고거래) 테이블
drop table if exists market;
create table market (
    mkid int auto_increment not null,  -- 게시글 고유코드
    mktitle varchar(255) not null,  -- 게시글 제목
    mkwriter int,  -- 게시글 작성자
    mkview int not null default 0,  -- 게시글 조회수
    mkdate datetime default now(), -- 게시글 작성날짜
    mkcontent text not null,  -- 게시글 내용
    mkstate tinyint default 0,  -- 거래 상테 (false: 0, 진행중, true: 1, 거래종료)
    primary key (mkid),
    foreign key (mkwriter) references members(memberid) on delete set null
);

-- 굿즈거래 댓글
drop table if exists marketreply;
create table marketreply (
    mkreplyid int auto_increment not null,  -- 댓글 고유번호
    mkreplywriter int,  -- 작성자 memberid
    mkid int not null,  -- 원 게시글 번호
    mkreplydate datetime default now(),  -- 작성된 날짜
    mkreplycontent text not null,  -- 댓글 내용
    primary key (mkreplyid),
    foreign key (mkreplywriter) references members(memberid) on delete set null,
    foreign key (mkid) references market(mkid) on delete cascade
);


-- 굿즈거래 첨부파일 테이블
drop table if exists marketfiles;
create table marketfiles (
    fileid int auto_increment not null,  -- 파일 고유코드
    mkid int not null,  -- 게시글 번호
    filename varchar(255) not null,  -- 첨부파일 이름
    primary key (fileid),
    foreign key (mkid) references market(mkid) on delete cascade
);

-- 샘플
-- 팀
insert into Teams(TeamName) values('KIA');
insert into Teams(TeamName) values('삼성');
insert into Teams(TeamName) values('LG');
insert into Teams(TeamName) values('두산');
insert into Teams(TeamName) values('KT');
insert into Teams(TeamName) values('한화');
insert into Teams(TeamName) values('SSG');
insert into Teams(TeamName) values('롯데');
insert into Teams(TeamName) values('NC');
insert into Teams(TeamName) values('키움');
insert into Teams(TeamName ) values('자유');
insert into Teams(TeamName) values('없음');
-- 멤버
INSERT INTO Members (Username, Password, Name, Contact, Email, Gender, Age, TeamCode, Account) VALUES
('admin' , 'admin' , 'admin' , '010-123-4646' , 'admin@example.com' , 'M' , 20 , 1 , '123-123-123'),
('user001', 'password123', 'John Doe', '010-555-0001', 'johndoe@example.com', 'M', 28, 1, '123-456-789'),
('user002', 'password456', 'Jane Smith', '010-555-0002', 'janesmith@example.com', 'F', 34, 2, '987-654-321'),
('user003', 'password789', 'Michael Johnson', '010-555-0003', 'michaeljohnson@example.com', 'M', 22, 3, '456-789-123'),
('user004', 'password14561', 'Emily Davis', '010-555-0004', 'emilydavis@example.com', 'F', 29, 4, '321-654-987'),
('user005', 'password15612', 'Robert Brown', '010-555-0005', 'robertbrown@example.com', 'M', 31, 5, '654-321-987'),
('user006', 'password14515', 'Sarah Wilson', '010-555-0006', 'sarahwilson@example.com', 'F', 27, 6, '852-741-963'),
('user007', 'password1233215', 'James Lee', '010-555-0007', 'jamslee@example.com', 'M', 35, 7, '951-753-486'),
('user008', 'password1556', 'Laura White', '010-555-0008', 'laurawhite@example.com', 'F', 40, 8, '357-468-951'),
('user009', 'password1561', 'David Harris', '010-555-0009', 'davidharris@example.com', 'M', 23, 9, '468-951-357'),
('user010', 'password35412', 'Anna Martin', '010-555-0010', 'annamartin@example.com', 'F', 30, 10, '741-852-963'),
('user011', 'password11256', 'Daniel Robinson', '010-555-0011', 'danielrobinson@example.com', 'M', 29, 1, '852-963-741'),
('user012', 'password15451', 'Olivia Clark', '010-555-0012', 'oliviaclark@example.com', 'F', 24, 2, '963-741-852'),
('user013', 'password1234456', 'Matthew Lewis', '010-555-0013', 'matthewlewis@example.com', 'M', 32, 3, '741-963-852'),
('user014', 'password11565', 'Sophia Allen', '010-555-0014', 'sophiaallen@example.com', 'F', 27, 4, '852-741-963'),
('user015', 'password123215', 'Liam Young', '010-555-0015', 'liamyoung@example.com', 'M', 36, 5, '963-852-741'),
('user016', 'password122151', 'Ava King', '010-555-0016', 'avaking@example.com', 'F', 33, 6, '741-852-963'),
('user017', 'password5345', 'Ethan Wright', '010-555-0017', 'ethanwright@example.com', 'M', 26, 7, '852-963-741'),
('user018', 'password11321', 'Mia Scott', '010-555-0018', 'miascott@example.com', 'F', 28, 8, '963-741-852'),
('user019', 'password125613', 'Alexander Hill', '010-555-0019', 'alexanderhill@example.com', 'M', 31, 9, '741-963-852'),
('user020', 'password115136', 'Isabella Adams', '010-555-0020', 'isabellaadams@example.com', 'F', 25, 10, '852-741-963'),
('user021', 'password125451', 'Benjamin Baker', '010-555-0021', 'benjaminbaker@example.com', 'M', 30, 1, '963-852-741'),
('user022', 'password1513', 'Charlotte Nelson', '010-555-0022', 'charlottenelson@example.com', 'F', 29, 2, '741-963-852'),
('user023', 'password123133', 'William Carter', '010-555-0023', 'williamcarter@example.com', 'M', 34, 3, '852-963-741'),
('user024', 'password122133', 'Amelia Mitchell', '010-555-0024', 'ameliamitchell@example.com', 'F', 31, 4, '963-741-852'),
('user025', 'password123321', 'James Thompson', '010-555-0025', 'jamesthompson@example.com', 'M', 26, 5, '741-852-963'),
('user026', 'password123215', 'Harper Turner', '010-555-0026', 'harperturner@example.com', 'F', 32, 6, '852-963-741'),
('user027', 'password123878', 'Lucas Harris', '010-555-0027', 'lucasharris@example.com', 'M', 25, 7, '963-741-852'),
('user028', 'password122156', 'Ella Morris', '010-555-0028', 'ellamorris@example.com', 'F', 28, 8, '741-852-963'),
('user029', 'password124523', 'Noah Wilson', '010-555-0029', 'noahwilson@example.com', 'M', 27, 9, '852-963-741'),
('user030', 'password1235456', 'Lily Davis', '010-555-0030', 'lilydavis@example.com', 'F', 34, 10, '963-741-852'),
('user031', 'password125458', 'Elijah Thompson', '010-555-0031', 'elijahthompson@example.com', 'M', 22, 1, '741-852-963'),
('user032', 'password125454', 'Sofia Young', '010-555-0032', 'sofiayoung@example.com', 'F', 30, 2, '852-963-741'),
('user033', 'password125464', 'Mason Martinez', '010-555-0033', 'masonmartinez@example.com', 'M', 31, 3, '963-741-852'),
('user034', 'password12448', 'Mia Walker', '010-555-0034', 'miawalker@example.com', 'F', 26, 4, '741-852-963'),
('user035', 'password123548', 'Logan Hall', '010-555-0035', 'loganhall@example.com', 'M', 29, 5, '852-963-741'),
('user036', 'password124451', 'Avery Allen', '010-555-0036', 'averyallen@example.com', 'F', 27, 6, '963-741-852'),
('user037', 'password12451', 'Oliver King', '010-555-0037', 'oliverking@example.com', 'M', 34, 7, '741-852-963'),
('user038', 'password12354', 'Ella Green', '010-555-0038', 'ellagreen@example.com', 'F', 22, 8, '852-963-741'),
('user039', 'password123545', 'James Lee', '010-555-0039', 'jameslee@example.com', 'M', 28, 9, '963-741-852'),
('user040', 'password12556', 'Grace Robinson', '010-555-0040', 'gracerobinson@example.com', 'F', 32, 10, '741-852-963'),
('user041', 'password12215', 'Henry Davis', '010-555-0041', 'henrydavis@example.com', 'M', 25, 1, '852-963-741'),
('user042', 'password123818', 'Natalie Carter', '010-555-0042', 'nataliecarter@example.com', 'F', 31, 2, '963-741-852'),
('user043', 'password1232516', 'Samuel Evans', '010-555-0043', 'samuelevans@example.com', 'M', 28, 3, '741-852-963'),
('user044', 'password12358', 'Madison Phillips', '010-555-0044', 'madisonphillips@example.com', 'F', 30, 4, '852-963-741'),
('user045', 'password123546', 'Jacob Wilson', '010-555-0045', 'jacobwilson@example.com', 'M', 29, 5, '963-741-852'),
('user046', 'password12185', 'Chloe Mitchell', '010-555-0046', 'chloemitchell@example.com', 'F', 25, 6, '741-852-963'),
('user047', 'password12548', 'Isaac Moore', '010-555-0047', 'isaacmoore@example.com', 'M', 27, 7, '852-963-741'),
('user048', 'password12365', 'Zoe White', '010-555-0048', 'zoewhite@example.com', 'F', 30, 8, '963-741-852'),
('user049', 'password123348', 'Jack Harris', '010-555-0049', 'jackharris@example.com', 'M', 34, 9, '741-852-963'),
('user050', 'password1231231', 'Luna Young', '010-555-0050', 'lunayoung@example.com', 'F', 28, 10, '852-963-741');

-- 게시판
INSERT INTO TeamBoard (memberid, teamcode, content, title, views) VALUES
(1, 1, '자유롭게 야구 이야기를 나눠볼까요? 야구의 역사와 기본 규칙에 대해 이야기해요.', '야구의 역사와 규칙', 10),
(2, 2, '여기 Team2의 게시물에서는 유명한 야구 선수들의 기록을 살펴볼게요.', '유명 선수 기록', 15),
(3, 3, 'Team3의 게시물에서는 야구 경기에서 사용하는 전략에 대해 이야기해요.', '야구 경기 전략', 5),
(4, 4, 'Team4에서는 야구장에서의 팬 경험을 공유할게요.', '팬 경험 이야기', 8),
(5, 5, '이번엔 Team5에서 MLB의 인기 팀들에 대해 이야기해볼까요?', 'MLB 인기 팀', 20),
(6, 6, 'Team6의 게시물에서는 야구의 기본 기술에 대해 알아보아요.', '야구 기본 기술', 12),
(7, 7, 'Team7에서는 전설적인 야구 경기를 소개할게요.', '전설적인 경기들', 18),
(8, 8, '이번에는 Team8의 게시물에서 각 포지션의 역할에 대해 알아봐요.', '포지션 역할 이야기', 6),
(9, 9, 'Team9에서는 야구 규칙의 변화에 대해 이야기할게요.', '규칙 변화 이야기', 9),
(10, 10, '마지막으로 Team10의 게시물은 야구 팬 문화에 대한 이야기예요.', '야구 팬 문화', 22),
(11, 1, 'Team1의 게시물에서는 최근 야구 경기의 하이라이트를 공유할게요.', '최근 경기 하이라이트', 14),
(12, 2, 'Team2의 게시물에서는 전설적인 투수들에 대한 이야기를 나눠볼게요.', '전설적인 투수들', 25),
(13, 3, 'Team3의 게시물은 야구 연습이 왜 중요한지 이야기해요.', '야구 연습의 중요성', 7),
(14, 4, 'Team4에서는 야구의 글로벌화에 대해 이야기해볼게요.', '야구의 글로벌화', 11),
(15, 5, '이번엔 Team5에서 유명한 훈련 기법을 소개할게요.', '유명한 훈련 기법', 24),
(16, 6, 'Team6의 게시물에서는 팀워크가 왜 중요한지 이야기해요.', '팀워크의 중요성', 13),
(17, 7, 'Team7에서는 야구의 미래와 기술 발전에 대해 이야기해볼게요.', '야구의 미래', 19),
(18, 8, '여기 Team8의 게시물은 여성 야구의 발전에 관한 이야기예요.', '여성 야구의 발전', 8),
(19, 9, 'Team9의 게시물에서는 야구 역사 속의 유명한 순간들을 소개할게요.', '역사적인 순간들', 10),
(20, 10, '마지막으로 Team10의 게시물은 팬들이 사랑하는 야구 스타들에 대한 이야기예요.', '사랑받는 야구 스타들', 26),
(21, 1, 'Team1에서는 야구 경기에서의 타격 기술에 대해 이야기해요.', '타격 기술 이야기', 15),
(22, 2, '이번엔 Team2에서 유명한 야구 팀들의 전통에 대해 알아볼까요?', '유명 팀 전통', 23),
(23, 3, 'Team3의 게시물은 야구에서의 수비 전략에 대해 다룹니다.', '수비 전략', 9),
(24, 4, 'Team4의 게시물에서는 야구의 역사적인 경기들을 회상해요.', '역사적인 경기 회상', 12),
(25, 5, 'Team5에서는 야구의 훈련 방법에 대해 자세히 이야기해볼게요.', '야구 훈련 방법', 27),
(26, 6, 'Team6의 게시물은 야구에서의 스포트라이트 선수에 대해 이야기해요.', '스포트라이트 선수', 16),
(27, 7, 'Team7의 게시물에서는 야구에서의 경기 규칙에 대해 알아봅니다.', '경기 규칙 이해하기', 21),
(28, 8, '이번엔 Team8에서 각 팀의 팬 문화에 대해 이야기해요.', '팀 팬 문화', 11),
(29, 9, 'Team9의 게시물은 야구에서의 고전적인 경기 기록을 다뤄요.', '고전적인 경기 기록', 13),
(30, 10, 'Team10에서는 야구의 미래 기술에 대해 예측해볼게요.', '야구의 미래 기술', 28),
(31, 1, 'Team1에서는 야구 팬들이 좋아하는 선수들에 대해 이야기해요.', '팬들이 좋아하는 선수들', 18),
(32, 2, 'Team2의 게시물은 야구 경기 중의 재미있는 에피소드에 대해 이야기해요.', '재미있는 경기 에피소드', 24),
(33, 3, 'Team3에서는 야구의 기본 규칙을 다시 한번 짚어볼게요.', '야구 기본 규칙', 10),
(34, 4, 'Team4의 게시물에서는 중요한 야구 대회에 대해 다룹니다.', '중요한 야구 대회', 14),
(35, 5, 'Team5의 게시물은 유명한 야구 감독들에 대한 이야기예요.', '유명한 야구 감독들', 29),
(36, 6, 'Team6의 게시물에서는 야구에서의 신체적 준비의 중요성을 이야기해요.', '신체적 준비의 중요성', 20),
(37, 7, 'Team7의 게시물은 야구 경기에서의 팬의 역할에 대해 이야기해요.', '팬의 역할', 24),
(38, 8, '이번엔 Team8의 게시물에서 야구에서의 승리의 비결을 알아볼게요.', '승리의 비결', 12),
(39, 9, 'Team9의 게시물에서는 야구에서의 대인 관계에 대해 다뤄요.', '대인 관계의 중요성', 17),
(40, 10, '마지막으로 Team10의 게시물은 최근 경기에서의 인상 깊은 순간들을 공유해요.', '인상 깊은 순간들', 32),
(41, 1, 'Team1의 게시물에서는 야구 선수들의 훈련 일상을 들려줘요.', '선수들의 훈련 일상', 22),
(42, 2, 'Team2의 게시물은 각국의 야구 리그에 대해 이야기해요.', '각국의 야구 리그', 26),
(43, 3, 'Team3의 게시물에서는 야구에서의 심판의 역할에 대해 이야기해요.', '심판의 역할', 14),
(44, 4, 'Team4의 게시물은 야구에서의 스포츠맨십에 대해 다루고 있어요.', '스포츠맨십 이야기', 17),
(45, 5, 'Team5에서는 야구의 다양한 경기 형식에 대해 설명할게요.', '다양한 경기 형식', 32),
(46, 6, 'Team6의 게시물은 야구에서의 팀 전략에 대해 이야기해요.', '팀 전략 이야기', 24),
(47, 7, 'Team7에서는 야구 팬들 사이의 우정에 대해 이야기해요.', '팬들 사이의 우정', 28),
(48, 8, '이번엔 Team8의 게시물에서 야구의 각 포지션의 중요성에 대해 알아봐요.', '포지션의 중요성', 16),
(49, 9, 'Team9의 게시물은 야구 역사 속의 전환점에 대해 이야기해요.', '전환점 이야기', 19),
(50, 10, '키움의 다양한 전술에 대해 알아봐요.', '다양한 전술', 35);

select * from teamboard;
-- 댓글
insert into comments (memberid, postid, commentindex, createdat, content) values
(1, 1, 1, CURRENT_DATE, '정확한 야구의 룰을 알고 싶어요!'),
(2, 1, 2, CURRENT_DATE, '정말 유용한 정보네요. 감사합니다!'),
(3, 1, 3, CURRENT_DATE, '이 팀에 대한 더 많은 정보를 알고 싶습니다.'),
(4, 2, 1, CURRENT_DATE, 'Team2의 게시물이 좋습니다.'),
(5, 2, 2, CURRENT_DATE, '이 팀의 최근 성과가 궁금하네요.'),
(6, 2, 3, CURRENT_DATE, '팀2에 대한 자세한 분석이 필요합니다.'),
(7, 3, 1, CURRENT_DATE, 'Team3의 게시물에 대한 댓글입니다.'),
(8, 3, 2, CURRENT_DATE, '좋은 글이지만 좀 더 자세히 설명해주셨으면 좋겠어요.'),
(9, 3, 3, CURRENT_DATE, '이 팀의 전략에 대해 더 알고 싶습니다.'),
(10, 4, 1, CURRENT_DATE, 'Team4 게시물 내용이 유익합니다.'),
(11, 4, 2, CURRENT_DATE, '이 팀의 전반적인 상황을 알고 싶습니다.'),
(12, 4, 3, CURRENT_DATE, '다음 게시물에서 개선점을 알려주세요.'),
(13, 5, 1, CURRENT_DATE, 'Team5의 게시물이 흥미롭네요.'),
(14, 5, 2, CURRENT_DATE, '이 팀의 지난 성과를 리뷰해보는 것도 좋을 듯합니다.'),
(15, 5, 3, CURRENT_DATE, '팀5의 향후 계획에 대한 의견이 궁금합니다.'),
(16, 6, 1, CURRENT_DATE, 'Team6의 게시물 잘 읽었습니다.'),
(17, 6, 2, CURRENT_DATE, '이 팀의 최근 활동을 공유해주셔서 감사합니다.'),
(18, 6, 3, CURRENT_DATE, '추가적인 정보가 필요합니다.'),
(19, 7, 1, CURRENT_DATE, 'Team7에 대한 첫 번째 댓글입니다.'),
(20, 7, 2, CURRENT_DATE, '좋은 게시물이지만 몇 가지 의문이 있습니다.'),
(21, 7, 3, CURRENT_DATE, '이 팀의 비전과 목표가 궁금합니다.'),
(22, 8, 1, CURRENT_DATE, 'Team8의 게시물 내용이 흥미롭습니다.'),
(23, 8, 2, CURRENT_DATE, '이 팀에 대한 분석이 필요합니다.'),
(24, 8, 3, CURRENT_DATE, '더 많은 데이터와 사실이 포함되면 좋겠습니다.'),
(25, 9, 1, CURRENT_DATE, 'Team9의 게시물 잘 읽었습니다.'),
(26, 9, 2, CURRENT_DATE, '이 팀의 전략과 계획에 대한 자세한 정보가 필요합니다.'),
(27, 9, 3, CURRENT_DATE, '팀9의 성과를 어떻게 개선할 수 있을까요?'),
(28, 10, 1, CURRENT_DATE, 'Team10의 게시물 내용이 매우 유익합니다.'),
(29, 10, 2, CURRENT_DATE, '이 팀의 과거와 현재를 비교하는 것도 좋을 것 같습니다.'),
(30, 10, 3, CURRENT_DATE, 'Team10의 향후 계획에 대한 세부사항을 알고 싶습니다.'),
(31, 1, 4, CURRENT_DATE, '이 게시물에 대해 추가적으로 질문이 있습니다.'),
(32, 2, 4, CURRENT_DATE, '팀2의 최근 경기 결과가 궁금합니다.'),
(33, 3, 4, CURRENT_DATE, 'Team3의 전술에 대한 추가적인 정보가 필요합니다.'),
(34, 4, 4, CURRENT_DATE, '이 팀의 발전 가능성에 대해 논의해봅시다.'),
(35, 5, 4, CURRENT_DATE, '팀5의 새로운 전략이 기대됩니다.'),
(36, 6, 4, CURRENT_DATE, 'Team6의 최신 뉴스가 궁금합니다.'),
(37, 7, 4, CURRENT_DATE, '이 게시물의 주제에 대해 더 자세히 알고 싶습니다.'),
(38, 8, 4, CURRENT_DATE, 'Team8의 게시물에 대해 다른 의견이 있습니다.'),
(39, 9, 4, CURRENT_DATE, '팀9의 최근 성과를 분석해보는 것도 좋을 것 같습니다.'),
(40, 10, 4, CURRENT_DATE, '이 팀의 전략을 분석한 글이 기대됩니다.'),
(41, 1, 5, CURRENT_DATE, '게시물의 데이터 분석이 필요합니다.'),
(42, 2, 5, CURRENT_DATE, 'Team2의 지난 시즌 결과를 검토해보세요.'),
(43, 3, 5, CURRENT_DATE, '이 팀의 주요 선수들에 대해 더 알고 싶습니다.'),
(44, 4, 5, CURRENT_DATE, 'Team4의 성과 분석이 필요합니다.'),
(45, 5, 5, CURRENT_DATE, '팀5의 전술에 대한 상세 분석을 원합니다.'),
(46, 6, 5, CURRENT_DATE, '이 팀의 향후 계획에 대해 논의해보세요.'),
(47, 7, 5, CURRENT_DATE, 'Team7의 전술에 대한 의견이 궁금합니다.'),
(48, 8, 5, CURRENT_DATE, '팀8의 경기력에 대해 더 논의해봅시다.'),
(49, 9, 5, CURRENT_DATE, 'Team9의 향후 계획을 공유해주시면 좋겠습니다.'),
(2, 50, 5, CURRENT_DATE, '감독이 누구지??'),
(50, 50, 5, CURRENT_DATE, '어떤 식으로 운영하나요??'),
(30, 50, 5, CURRENT_DATE, 'ㅋㅋㅋㅋㅋㅋㅋㅋㅋㅋㅋㅋㅋ');

-- 포인트
-- 샘플 데이터 삽입 스크립트
INSERT INTO PointLogs (MemberID, PointChange, Description)
VALUES
-- 양수 포인트 변경 (Description = 1)
(1, 100, 1),
(2, 100000, 1),
(3, 120, 1),
(4, 180, 1),
(5, 110, 1),
(6, 200, 1),
(7, 130, 1),
(8, 140, 1),
(9, 160, 1),
(10, 170, 1),
(11, 110, 1),
(12, 150, 1),
(13, 140, 1),
(14, 190, 1),
(15, 10000, 1),
(16, 10000, 1),
(17, 180, 1),
(18, 200, 1),
(19, 130, 1),
(20, 150, 1),
(21, 140, 1),
(22, 170, 1),
(23, 190, 1),
(24, 110, 1),
(25, 160, 1),
(26, 130, 1),
(27, 200, 1),
(28, 150, 1),
(29, 120, 1),
(30, 180, 1),
(31, 190, 1),
(32, 140, 1),
(33, 170, 1),
(34, 110, 1),
(35, 200, 1),
(36, 130, 1),
(37, 150, 1),
(38, 160, 1),
(39, 180, 1),
(40, 120, 1),
(41, 190, 1),
(42, 150, 1),
(43, 140, 1),
(44, 170, 1),
(45, 200, 1),
(46, 130, 1),
(47, 180, 1),
(48, 160, 1),
(49, 110, 1),
(50, 150, 1),
-- 배당금 지급 (Description = 2)
(1, 200, 2),
(2, 180, 2),
(3, 150, 2),
(4, 170, 2),
(5, 160, 2),
(6, 190, 2),
(7, 120, 2),
(8, 130, 2),
(9, 200, 2),
(10, 150, 2),
(11, 180, 2),
(12, 170, 2),
(13, 160, 2),
(14, 200, 2),
(15, 130, 2),
(16, 190, 2),
(17, 120, 2),
(18, 150, 2),
(19, 200, 2),
(20, 170, 2),
(21, 160, 2),
(22, 180, 2),
(23, 130, 2),
(24, 200, 2),
(25, 190, 2),
(26, 150, 2),
(27, 170, 2),
(28, 120, 2),
(29, 160, 2),
(30, 200, 2),
(31, 180, 2),
(32, 130, 2),
(33, 190, 2),
(34, 160, 2),
(35, 150, 2),
(36, 200, 2),
(37, 170, 2),
(38, 120, 2),
(39, 180, 2),
(40, 130, 2),
(41, 190, 2),
(42, 160, 2),
(43, 200, 2),
(44, 150, 2),
(45, 170, 2),
(46, 120, 2),
(47, 200, 2),
(48, 190, 2),
(49, 160, 2),
(50, 130, 2),
-- 게임 구매 (Description = 3)
(1, -100, 3),
(2, -150, 3),
(3, -120, 3),
(4, -180, 3),
(5, -110, 3),
(6, -200, 3),
(7, -130, 3),
(8, -140, 3),
(9, -160, 3),
(10, -5000, 3),
(11, -110, 3),
(12, -150, 3),
(13, -140, 3),
(14, -190, 3),
(15, -5000, 3),
(16, -120, 3),
(17, -180, 3),
(18, -5000, 3),
(19, -130, 3),
(20, -150, 3),
(21, -140, 3),
(22, -170, 3),
(23, -190, 3),
(24, -110, 3),
(25, -160, 3),
(26, -130, 3),
(27, -200, 3),
(28, -150, 3),
(29, -120, 3),
(30, -180, 3),
(31, -190, 3),
(32, -140, 3),
(33, -170, 3),
(34, -110, 3),
(35, -200, 3),
(36, -130, 3),
(37, -150, 3),
(38, -160, 3),
(39, -180, 3),
(40, -120, 3),
(41, -190, 3),
(42, -150, 3),
(43, -140, 3),
(44, -170, 3),
(45, -200, 3),
(46, -130, 3),
(47, -180, 3),
(48, -160, 3),
(49, -110, 3),
(50, -150, 3),
-- 포인트 출금 (Description = 4)
(1, -200, 4),
(2, -180, 4),
(3, -150, 4),
(4, -170, 4),
(5, -160, 4),
(6, -190, 4),
(7, -120, 4),
(8, -130, 4),
(9, -200, 4),
(10, -150, 4),
(11, -180, 4),
(12, -170, 4),
(13, -160, 4),
(14, -200, 4),
(15, -130, 4),
(16, -190, 4),
(17, -120, 4),
(18, -150, 4),
(19, -200, 4),
(20, -170, 4),
(21, -160, 4),
(22, -180, 4),
(23, -130, 4),
(24, -200, 4),
(25, -190, 4),
(26, -150, 4),
(27, -170, 4),
(28, -120, 4),
(29, -160, 4),
(30, -200, 4),
(31, -180, 4),
(32, -130, 4),
(33, -190, 4),
(34, -160, 4),
(35, -150, 4),
(36, -200, 4),
(37, -170, 4),
(38, -120, 4),
(39, -180, 4),
(40, -130, 4),
(41, -190, 4),
(42, -160, 4),
(43, -200, 4),
(44, -150, 4),
(45, -170, 4),
(46, -120, 4),
(47, -200, 4),
(48, -190, 4),
(49, -160, 4),
(50, -130, 4);
select sum(pointChange) as sum from pointlogs where memberid = 1 and Description = 3;

-- 게시판 추천로그 
INSERT INTO boardlikelog ( MemberID , LogDate , postid ) VALUES
(1, '2024-10-11 10:00:00', 1),
(2, '2024-10-11 10:05:00', 1),
(3, '2024-10-11 10:10:00', 2),
(4, '2024-10-11 10:15:00', 2),
(5, '2024-10-11 10:20:00', 2),
(1, '2024-10-11 10:25:00', 3),
(2, '2024-10-11 10:30:00', 3),
(3, '2024-10-11 10:35:00', 4),
(4, '2024-10-11 10:40:00', 4),
(5, '2024-10-11 10:45:00', 4),
(1, '2024-10-11 10:50:00', 5),
(2, '2024-10-11 10:55:00', 5),
(3, '2024-10-11 11:00:00', 6),
(4, '2024-10-11 11:05:00', 6),
(5, '2024-10-11 11:10:00', 6),
(1, '2024-10-11 11:15:00', 7),
(2, '2024-10-11 11:20:00', 7),
(3, '2024-10-11 11:25:00', 8),
(4, '2024-10-11 11:30:00', 8),
(5, '2024-10-11 11:35:00', 8),
(1, '2024-10-11 11:40:00', 9),
(2, '2024-10-11 11:45:00', 9),
(3, '2024-10-11 11:50:00', 10),
(4, '2024-10-11 11:55:00', 10),
(5, '2024-10-11 12:00:00', 10),
(1, '2024-10-11 12:05:00', 11),
(2, '2024-10-11 12:10:00', 11),
(3, '2024-10-11 12:15:00', 12),
(4, '2024-10-11 12:20:00', 12),
(5, '2024-10-11 12:25:00', 12),
(1, '2024-10-11 12:30:00', 13),
(2, '2024-10-11 12:35:00', 13),
(3, '2024-10-11 12:40:00', 14),
(4, '2024-10-11 12:45:00', 14),
(5, '2024-10-11 12:50:00', 14),
(1, '2024-10-11 12:55:00', 15),
(2, '2024-10-11 13:00:00', 15),
(3, '2024-10-11 13:05:00', 16),
(4, '2024-10-11 13:10:00', 16),
(5, '2024-10-11 13:15:00', 16),
(1, '2024-10-11 13:20:00', 17),
(2, '2024-10-11 13:25:00', 17),
(3, '2024-10-11 13:30:00', 18),
(4, '2024-10-11 13:35:00', 18),
(5, '2024-10-11 13:40:00', 18),
(1, '2024-10-11 13:45:00', 19),
(2, '2024-10-11 13:50:00', 19),
(3, '2024-10-11 13:55:00', 20),
(4, '2024-10-11 14:00:00', 20),
(5, '2024-10-11 14:05:00', 20),
(1, '2024-10-11 14:10:00', 21),
(2, '2024-10-11 14:15:00', 21),
(3, '2024-10-11 14:20:00', 22),
(4, '2024-10-11 14:25:00', 22),
(5, '2024-10-11 14:30:00', 22),
(1, '2024-10-11 14:35:00', 23),
(2, '2024-10-11 14:40:00', 23),
(3, '2024-10-11 14:45:00', 24),
(4, '2024-10-11 14:50:00', 24),
(5, '2024-10-11 14:55:00', 24),
(1, '2024-10-11 15:00:00', 25),
(2, '2024-10-11 15:05:00', 25),
(3, '2024-10-11 15:10:00', 26),
(4, '2024-10-11 15:15:00', 26),
(5, '2024-10-11 15:20:00', 26),
(1, '2024-10-11 15:25:00', 27),
(2, '2024-10-11 15:30:00', 27),
(3, '2024-10-11 15:35:00', 28),
(4, '2024-10-11 15:40:00', 28),
(5, '2024-10-11 15:45:00', 28),
(1, '2024-10-11 15:50:00', 29),
(2, '2024-10-11 15:55:00', 29),
(3, '2024-10-11 16:00:00', 30),
(4, '2024-10-11 16:05:00', 30),
(5, '2024-10-11 16:10:00', 30),
(1, '2024-10-11 16:15:00', 31),
(2, '2024-10-11 16:20:00', 31),
(3, '2024-10-11 16:25:00', 32),
(4, '2024-10-11 16:30:00', 32),
(5, '2024-10-11 16:35:00', 32),
(1, '2024-10-11 16:40:00', 33),
(2, '2024-10-11 16:45:00', 33),
(3, '2024-10-11 16:50:00', 34),
(4, '2024-10-11 16:55:00', 34),
(5, '2024-10-11 17:00:00', 34),
(1, '2024-10-11 17:05:00', 35),
(2, '2024-10-11 17:10:00', 35),
(3, '2024-10-11 17:15:00', 36),
(4, '2024-10-11 17:20:00', 36),
(5, '2024-10-11 17:25:00', 36),
(1, '2024-10-11 17:30:00', 37),
(2, '2024-10-11 17:35:00', 37),
(3, '2024-10-11 17:40:00', 38),
(4, '2024-10-11 17:45:00', 38),
(5, '2024-10-11 17:50:00', 38),
(1, '2024-10-11 17:55:00', 39),
(2, '2024-10-11 18:00:00', 39),
(3, '2024-10-11 18:05:00', 40),
(4, '2024-10-11 18:10:00', 40),
(5, '2024-10-11 18:15:00', 40);

-- 댓글 추천로그
INSERT INTO commentlikelog (MemberID , LogDate , commentid ) VALUES
(1, '2024-10-11 10:00:00', 1),
(2, '2024-10-11 10:05:00', 1),
(3, '2024-10-11 10:10:00', 2),
(4, '2024-10-11 10:15:00', 2),
(5, '2024-10-11 10:20:00', 2),
(1, '2024-10-11 10:25:00', 3),
(2, '2024-10-11 10:30:00', 3),
(3, '2024-10-11 10:35:00', 4),
(4, '2024-10-11 10:40:00', 4),
(5, '2024-10-11 10:45:00', 4),
(1, '2024-10-11 10:50:00', 5),
(2, '2024-10-11 10:55:00', 5),
(3, '2024-10-11 11:00:00', 6),
(4, '2024-10-11 11:05:00', 6),
(5, '2024-10-11 11:10:00', 6),
(1, '2024-10-11 11:15:00', 7),
(2, '2024-10-11 11:20:00', 7),
(3, '2024-10-11 11:25:00', 8),
(4, '2024-10-11 11:30:00', 8),
(5, '2024-10-11 11:35:00', 8),
(1, '2024-10-11 11:40:00', 9),
(2, '2024-10-11 11:45:00', 9),
(3, '2024-10-11 11:50:00', 10),
(4, '2024-10-11 11:55:00', 10),
(5, '2024-10-11 12:00:00', 10),
(1, '2024-10-11 12:05:00', 11),
(2, '2024-10-11 12:10:00', 11),
(3, '2024-10-11 12:15:00', 12),
(4, '2024-10-11 12:20:00', 12),
(5, '2024-10-11 12:25:00', 12),
(1, '2024-10-11 12:30:00', 13),
(2, '2024-10-11 12:35:00', 13),
(3, '2024-10-11 12:40:00', 14),
(4, '2024-10-11 12:45:00', 14),
(5, '2024-10-11 12:50:00', 14),
(1, '2024-10-11 12:55:00', 15),
(2, '2024-10-11 13:00:00', 15),
(3, '2024-10-11 13:05:00', 16),
(4, '2024-10-11 13:10:00', 16),
(5, '2024-10-11 13:15:00', 16),
(1, '2024-10-11 13:20:00', 17),
(2, '2024-10-11 13:25:00', 17),
(3, '2024-10-11 13:30:00', 18),
(4, '2024-10-11 13:35:00', 18),
(5, '2024-10-11 13:40:00', 18),
(1, '2024-10-11 13:45:00', 19),
(2, '2024-10-11 13:50:00', 19),
(3, '2024-10-11 13:55:00', 20),
(4, '2024-10-11 14:00:00', 20),
(5, '2024-10-11 14:05:00', 20),
(1, '2024-10-11 14:10:00', 21),
(2, '2024-10-11 14:15:00', 21),
(3, '2024-10-11 14:20:00', 22),
(4, '2024-10-11 14:25:00', 22),
(5, '2024-10-11 14:30:00', 22),
(1, '2024-10-11 14:35:00', 23),
(2, '2024-10-11 14:40:00', 23),
(3, '2024-10-11 14:45:00', 24),
(4, '2024-10-11 14:50:00', 24),
(5, '2024-10-11 14:55:00', 24),
(1, '2024-10-11 15:00:00', 25),
(2, '2024-10-11 15:05:00', 25),
(3, '2024-10-11 15:10:00', 26),
(4, '2024-10-11 15:15:00', 26),
(5, '2024-10-11 15:20:00', 26),
(1, '2024-10-11 15:25:00', 27),
(2, '2024-10-11 15:30:00', 27),
(3, '2024-10-11 15:35:00', 28),
(4, '2024-10-11 15:40:00', 28),
(5, '2024-10-11 15:45:00', 28),
(1, '2024-10-11 15:50:00', 29),
(2, '2024-10-11 15:55:00', 29),
(3, '2024-10-11 16:00:00', 30),
(4, '2024-10-11 16:05:00', 30),
(5, '2024-10-11 16:10:00', 30),
(1, '2024-10-11 16:15:00', 31),
(2, '2024-10-11 16:20:00', 31),
(3, '2024-10-11 16:25:00', 32),
(4, '2024-10-11 16:30:00', 32),
(5, '2024-10-11 16:35:00', 32),
(1, '2024-10-11 16:40:00', 33),
(2, '2024-10-11 16:45:00', 33),
(3, '2024-10-11 16:50:00', 34),
(4, '2024-10-11 16:55:00', 34),
(5, '2024-10-11 17:00:00', 34),
(1, '2024-10-11 17:05:00', 35),
(2, '2024-10-11 17:10:00', 35),
(3, '2024-10-11 17:15:00', 36),
(4, '2024-10-11 17:20:00', 36),
(5, '2024-10-11 17:25:00', 36),
(1, '2024-10-11 17:30:00', 37),
(2, '2024-10-11 17:35:00', 37),
(3, '2024-10-11 17:40:00', 38),
(4, '2024-10-11 17:45:00', 38),
(5, '2024-10-11 17:50:00', 38),
(1, '2024-10-11 17:55:00', 39),
(2, '2024-10-11 18:00:00', 39),
(3, '2024-10-11 18:05:00', 40),
(4, '2024-10-11 18:10:00', 40),
(5, '2024-10-11 18:15:00', 40);

-- 게임구매목록
insert into gamepurchaselist (pointlogid) values
(101),
(102),
(103),
(104),
(105),
(106),
(107),
(108),
(109),
(110),
(111),
(112),
(113),
(114),
(115),
(116),
(117),
(118),
(119),
(120),
(121),
(122),
(123),
(124),
(125),
(126),
(127),
(128),
(129),
(130),
(131),
(132),
(133),
(134),
(135),
(136),
(137),
(138),
(139),
(140),
(141),
(142),
(143),
(144),
(145),
(146),
(147),
(148),
(149),
(150);

-- 게임구매상세
insert into gamepurchasedetails (listid, matchid, winandloss) VALUES
(1, '20240922-LG-1400', 1),
(2, '20240922-LG-1400', 1),
(3, '20240922-LG-1400', 1),
(4, '20240922-LG-1400', 1),
(4, '20240922-삼성-1400', 1),
(4, '20240922-KT-1400', 0),
(5, '20240922-삼성-1400', 0),
(6, '20240922-한화-1400', 1),
(6, '20240922-KT-1400', 0),
(6, '20240922-삼성-1400', 1),
(7, '20240922-한화-1400', 1),
(8, '20240922-KIA-1400', 1),
(8, '20240922-한화-1400', 1),
(9, '20240922-KIA-1400', 1),
(10, '20240924-두산-1830', 1),
(10, '20240924-SSG-1830', 0),
(10, '20240924-KT-1830', 1),
(10, '20240924-KIA-1830', 1),
(10, '20240924-키움-1830', 1),
(11, '20240924-키움-1830', 1),
(12, '20240924-키움-1830', 1),
(13, '20240924-키움-1830', 1),
(14, '20240924-키움-1830', 1),
(15, '20240927-롯데-1830', 1),
(15, '20240927-KT-1830', 1),
(15, '20240927-한화-1830', 1),
(16, '20240928-삼성-1700', 0),
(16, '20240928-롯데-1700', 0),
(16, '20240928-NC-1700', 0),
(16, '20240928-KT-1700', 1),
(17, '20240928-삼성-1700', 0),
(17, '20240928-롯데-1700', 1),
(17, '20240928-NC-1700', 0),
(17, '20240928-KT-1700', 1),
(19, '20241001-두산-1400', 1),
(19, '20241001-삼성-1400', 0),
(19, '20241001-삼성-1700', 0),
(20, '20241003-롯데-1700', 0),
(20, '20241003-삼성-1700', 0),
(20, '20241003-NC-1700', 0),
(20, '20241003-KT-1700', 1),
(20, '20241003-KIA-1830', 1),
(20, '20241003-한화-1830', 1),
(21, '20240907-LG-1400', 0),
(22, '20240907-롯데-1700', 0),
(23, '20240907-삼성-1700', 1),
(24, '20240907-KT-1700', 1),
(25, '20240907-KIA-1700', 0),
(26, '20240908-LG-1400', 1),
(27, '20240908-롯데-1400', 1),
(28, '20240908-삼성-1400', 0),
(29, '20240908-KIA-1400', 1),
(30, '20240910-LG-1830', 1),
(31, '20240910-SSG-1830', 0),
(32, '20240910-KT-1830', 1),
(33, '20240910-키움-1830', 1),
(34, '20240911-LG-1830', 0),
(35, '20240911-SSG-1830', 1),
(36, '20240911-KT-1830', 1),
(37, '20240911-한화-1830', 1),
(38, '20240912-LG-1830', 1),
(39, '20240912-KT-1830', 0),
(40, '20240912-KIA-1830', 1),
(41, '20240912-한화-1830', 1),
(42, '20240913-두산-1830', 1),
(43, '20240913-SSG-1830', 0),
(44, '20240913-롯데-1830', 1),
(45, '20240914-SSG-1400', 1),
(46, '20240914-롯데-1400', 1),
(47, '20240914-두산-1700', 0),
(48, '20240914-NC-1700', 1),
(49, '20240914-KIA-1700', 0),
(50, '20240915-SSG-1400', 1);
insert into gamepurchasedetails (listid, matchid, winandloss , correct) VALUES
(18, '20241001-두산-1400', 0 , 1),
(18, '20241001-삼성-1400', 0 , 1),
(18, '20241001-삼성-1700', 0 , 1);

-- 회원 접속 로그
INSERT INTO access (memberid, memberdatetime) VALUES
(1, '2024-09-01 10:00:00'),
(2, '2024-09-01 11:15:00'),
(3, '2024-09-01 12:30:00'),
(4, '2024-09-02 09:30:00'),
(5, '2024-09-02 10:45:00'),
(6, '2024-09-02 11:00:00'),
(7, '2024-09-02 12:15:00'),
(8, '2024-09-03 08:20:00'),
(9, '2024-09-03 14:00:00'),
(10, '2024-09-03 15:30:00'),
(11, '2024-09-03 16:45:00'),
(12, '2024-09-03 17:00:00'),
(13, '2024-09-04 10:10:00'),
(14, '2024-09-04 11:20:00'),
(15, '2024-09-04 12:30:00'),
(16, '2024-09-04 13:40:00'),
(17, '2024-09-04 14:50:00'),
(18, '2024-09-05 09:15:00'),
(19, '2024-09-05 10:25:00'),
(20, '2024-09-05 11:35:00'),
(21, '2024-09-05 12:45:00'),
(22, '2024-09-05 13:55:00'),
(23, '2024-09-05 15:05:00'),
(24, '2024-09-06 10:00:00'),
(25, '2024-09-06 11:10:00'),
(26, '2024-09-06 12:20:00'),
(27, '2024-09-06 13:30:00'),
(28, '2024-09-06 14:40:00'),
(29, '2024-09-06 15:50:00'),
(30, '2024-09-07 09:00:00'),
(31, '2024-09-07 10:00:00'),
(32, '2024-09-07 11:00:00'),
(33, '2024-09-08 10:15:00'),
(34, '2024-09-08 11:25:00'),
(35, '2024-09-08 12:35:00'),
(36, '2024-09-08 13:45:00'),
(37, '2024-09-08 14:55:00'),
(38, '2024-09-08 16:05:00'),
(39, '2024-09-09 09:15:00'),
(40, '2024-09-09 10:25:00'),
(41, '2024-09-09 11:35:00'),
(42, '2024-09-10 10:00:00'),
(43, '2024-09-10 11:10:00'),
(44, '2024-09-10 12:20:00'),
(45, '2024-09-10 13:30:00'),
(46, '2024-09-10 14:40:00'),
(47, '2024-09-10 15:50:00'),
(48, '2024-09-10 16:00:00'),
(49, '2024-09-10 17:00:00'),
(50, '2024-09-10 18:00:00');

-- 굿즈거래 게시판 테이블 샘플
insert into market (mktitle, mkwriter, mkview, mkcontent, mkstate, mkdate) values
('게시글 제목 1', 2, 23, '게시글 내용 1입니다.', 0, '2024-09-01 12:00:00'),
('게시글 제목 2', 3, 45, '게시글 내용 2입니다.', 0, '2024-09-01 18:00:00'),
('게시글 제목 3', 4, 12, '게시글 내용 3입니다.', 0, '2024-09-02 12:00:00'),
('게시글 제목 4', 5, 36, '게시글 내용 4입니다.', 0, '2024-09-02 18:00:00'),
('게시글 제목 5', 6, 5, '게시글 내용 5입니다.', 0, '2024-09-02 18:30:00'),
('게시글 제목 6', 7, 78, '게시글 내용 6입니다.', 0, '2024-09-03 12:00:00'),
('게시글 제목 7', 8, 15, '게시글 내용 7입니다.', 0, '2024-09-03 14:00:00'),
('게시글 제목 8', 9, 62, '게시글 내용 8입니다.', 0, '2024-09-03 18:00:00'),
('게시글 제목 9', 10, 29, '게시글 내용 9입니다.', 0, '2024-09-03 21:00:00'),
('게시글 제목 10', 11, 7, '게시글 내용 10입니다.', 0, '2024-09-04 12:00:00'),
('게시글 제목 11', 12, 64, '게시글 내용 11입니다.', 0, '2024-09-04 15:00:00'),
('게시글 제목 12', 13, 33, '게시글 내용 12입니다.', 0, '2024-09-05 12:00:00'),
('게시글 제목 13', 14, 51, '게시글 내용 13입니다.', 0, '2024-09-05 18:00:00'),
('게시글 제목 14', 15, 27, '게시글 내용 14입니다.', 0, '2024-09-06 12:00:00'),
('게시글 제목 15', 16, 42, '게시글 내용 15입니다.', 0, '2024-09-06 18:30:00'),
('게시글 제목 16', 17, 11, '게시글 내용 16입니다.', 0, '2024-09-07 12:00:00'),
('게시글 제목 17', 18, 8, '게시글 내용 17입니다.', 0, '2024-09-07 12:30:00'),
('게시글 제목 18', 19, 59, '게시글 내용 18입니다.', 0, '2024-09-07 15:00:00'),
('게시글 제목 19', 20, 34, '게시글 내용 19입니다.', 0, '2024-09-08 12:00:00'),
('게시글 제목 20', 21, 70, '게시글 내용 20입니다.', 0, '2024-09-08 21:00:00'),
('게시글 제목 21', 22, 49, '게시글 내용 21입니다.', 1, '2024-09-09 12:00:00'),
('게시글 제목 22', 23, 20, '게시글 내용 22입니다.', 1, '2024-09-09 18:00:00'),
('게시글 제목 23', 24, 3, '게시글 내용 23입니다.', 0, '2024-09-10 12:00:00'),
('게시글 제목 24', 25, 16, '게시글 내용 24입니다.', 0, '2024-09-10 15:00:00'),
('게시글 제목 25', 26, 65, '게시글 내용 25입니다.', 1, '2024-09-10 18:00:00'),
('게시글 제목 26', 27, 57, '게시글 내용 26입니다.', 0, '2024-09-11 12:00:00'),
('게시글 제목 27', 28, 31, '게시글 내용 27입니다.', 1, '2024-09-11 18:00:00'),
('게시글 제목 28', 29, 24, '게시글 내용 28입니다.', 0, '2024-09-12 12:00:00'),
('게시글 제목 29', 30, 72, '게시글 내용 29입니다.', 1, '2024-09-12 19:00:00'),
('게시글 제목 30', 31, 41, '게시글 내용 30입니다.', 0, '2024-09-13 12:00:00'),
('게시글 제목 31', 32, 2, '게시글 내용 31입니다.', 1, '2024-09-14 12:00:00'),
('게시글 제목 32', 33, 48, '게시글 내용 32입니다.', 1, '2024-09-14 18:00:00'),
('게시글 제목 33', 34, 17, '게시글 내용 33입니다.', 0, '2024-09-15 12:00:00'),
('게시글 제목 34', 35, 54, '게시글 내용 34입니다.', 1, '2024-09-15 18:00:00'),
('게시글 제목 35', 36, 76, '게시글 내용 35입니다.', 0, '2024-09-16 12:00:00'),
('애견용 올인원 야구점퍼', 37, 9, '색상 4가지 다 있고 각 6000원입니다.', 0, '2024-09-16 18:40:02'),
('KBO 카드 야구 교환 판매', 38, 39, '3.0에 일괄 판매하고 다른 카드도 찾으시면 문의 주세요.', 0, '2024-09-17 12:50:07'),
('롯데자이언츠 키즈 야구유니폼(강민호 47번 싸인 / 사이즈 5)', 39, 14, '택배비 포함해서 15000원입니다.', 1, '2024-09-17 18:11:20'),
('최강야구 몬스터즈 싸인볼', 40, 60, '게시글 내용 39입니다.', 0, '2024-09-18 12:03:24'),
('스톰 폭풍 내야 11.75인치 야구 글러브', 41, 1, '게시글 내용 40입니다.', 1, '2024-09-18 18:50:00'),
('M MLB 뉴욕양키즈 봄버 야구 스타디움 자켓 B.2489', 42, 73, '게시글 내용 41입니다.', 0, '2024-09-19 12:52:10'),
('티라노 다크호스 야구배트', 43, 35, '게시글 내용 42입니다.', 1, '2024-09-19 18:34:50'),
('뉴발란스 야구 스파이크 270', 44, 22, '게시글 내용 43입니다.', 0, '2024-09-20 12:33:21'),
('넥센히어로즈 야구 유니폼', 45, 75, '게시글 내용 44입니다.', 1, '2024-09-20 18:12:22'),
('아메리카스 야구글러브 투수용', 46, 4, '게시글 내용 45입니다.', 0, '2024-09-21 12:52:36'),
('야구화 포인트화 (하타케야마) 270mm', 47, 69, '게시글 내용 46입니다.', 1, '2024-09-21 18:40:25'),
('아디다스 한손 야구배팅장갑 오른손 S 새제품', 48, 18, '게시글 내용 47입니다.', 0, '2024-09-22 12:08:03'),
('마제스틱 화이트삭스 양키스 야구 점퍼', 49, 56, '게시글 내용 48입니다.', 1, '2024-09-22 18:05:10'),
('제트 프로스테이터스 가죽창 스파이크 야구화', 50, 30, '게시글 내용 49입니다.', 0, '2024-09-23 12:20:34'),
('텍사스 T로고 투톤칼라 야구모자 볼캡 CEY-44', 1, 80, '미사용 새상품입니다. <br> (새상품) LA 99R 블루 야구모자 볼캡 CEY-43<br>사이즈: FREE (56-58cm)<br>모자챙: 7cm<br>원단: 아크릴 100%', 1, '2024-09-25 18:34:05');

-- 굿즈거래 댓글 테이블 샘플
insert into marketreply (mkreplywriter, mkid, mkreplycontent) values
(1, 1, '굿즈에 대한 첫 번째 댓글입니다!'),
(2, 1, '정말 멋진 제품이네요!'),
(3, 2, '배송이 빨랐어요. 감사합니다!'),
(1, 2, '재구매 의사 100%입니다.'),
(4, 3, '상태가 매우 좋습니다.'),
(5, 3, '이건 정말 추천해요!'),
(2, 4, '가격이 너무 비쌉니다.'),
(3, 4, '좋은 품질이에요!'),
(6, 5, '빠른 배송에 감동했습니다.'),
(1, 5, '생각보다 크기가 작네요.'),
(7, 6, '디자인이 마음에 들어요!'),
(8, 6, '친구에게 선물했어요.'),
(2, 7, '완전 만족합니다.'),
(9, 7, '다음에는 더 많은 수량 구매할게요.'),
(10, 8, '상세 설명과 같아요.'),
(11, 8, '리뷰를 보고 사서 후회 없어요.'),
(12, 9, '할인 기간이 너무 짧아요.'),
(13, 10, '상품이 잘 포장되어 왔어요.'),
(14, 11, '너무 귀엽습니다!'),
(15, 11, '선물용으로 좋네요.'),
(16, 12, '사이즈가 잘 맞습니다.'),
(17, 13, '여러 개 구매하고 싶어요.'),
(18, 14, '이 가격에 이 품질이라니!'),
(19, 15, '가족 모두가 좋아해요.'),
(20, 16, '재고가 빨리 소진되겠네요.'),
(21, 17, '의외로 품질이 좋아요.'),
(22, 18, '굿즈 팬이라 꼭 사야 해요!'),
(23, 19, '배송이 좀 늦었지만 괜찮아요.'),
(24, 20, '특별한 날에 맞춰 샀어요.'),
(25, 21, '너무 기분이 좋습니다.'),
(26, 22, '한정판이라서 꼭 가져야 해요.'),
(27, 23, '그냥 그랬어요.'),
(28, 24, '고급스러운 느낌이에요.'),
(29, 25, '사용할 때마다 기분이 좋아요.'),
(30, 26, '리뷰를 보고 믿고 구매했습니다.'),
(31, 27, '이 제품 강력 추천합니다!'),
(32, 28, '기대 이상이에요!'),
(33, 29, '어디서도 찾기 힘든 아이템이에요.'),
(34, 30, '전시용으로 구매했습니다.'),
(35, 31, '보관이 쉬워요.'),
(36, 32, '디자인이 너무 예뻐요.'),
(37, 33, '확실히 가성비 좋습니다.'),
(38, 34, '이건 정말 갖고 싶어요!'),
(39, 35, '기대했던 것보다 별로였어요.'),
(40, 36, '재미있는 상품입니다.'),
(41, 37, '하나 더 사고 싶네요!'),
(42, 38, '친구들이 다 부러워해요.'),
(43, 39, '상상했던 것과 달라서 아쉽습니다.'),
(44, 40, '또 구매할게요!'),
(45, 41, '너무 귀여운 제품입니다.'),
(46, 42, '여기서밖에 못 봤어요!'),
(47, 43, '후회하지 않을 선택이었습니다.'),
(48, 44, '정말 훌륭한 제품이에요.'),
(49, 45, '사고 싶어서 참기 힘드네요.'),
(50, 46, '사진보다 실물이 더 좋네요!'),
(1, 47, '이 제품 진짜 좋아요!'),
(2, 48, '여기에 있는 게 행복해요.'),
(3, 49, '품질 좋고 이 가격에 대만족!');

insert into marketreply (mkreplywriter, mkid, mkreplycontent, mkreplydate) values
(4, 50, '구매하고 싶습니다. 곧 연락 드리겠습니다.', '2024-9-27 12:20:23'),
(4, 50, '빠른 거래 감사합니다.', '2024-9-27 18:25:21');

-- 게시글당 첨부파일 테이블
insert into marketfiles (mkid, filename) values
(1, 'image_1_1.jpg'),
(1, 'image_1_2.jpg'),
(2, 'image_2_1.jpg'),
(3, 'image_3_1.jpg'),
(3, 'image_3_2.jpg'),
(4, 'image_4_1.jpg'),
(5, 'image_5_1.jpg'),
(5, 'image_5_2.jpg'),
(6, 'image_6_1.jpg'),
(7, 'image_7_1.jpg'),
(8, 'image_8_1.jpg'),
(9, 'image_9_1.jpg'),
(9, 'image_9_2.jpg'),
(10, 'image_10_1.jpg'),
(10, 'image_10_2.jpg'),
(11, 'image_11_1.jpg'),
(12, 'image_12_1.jpg'),
(12, 'image_12_2.jpg'),
(13, 'image_13_1.jpg'),
(14, 'image_14_1.jpg'),
(15, 'image_15_1.jpg'),
(15, 'image_15_2.jpg'),
(16, 'image_16_1.jpg'),
(16, 'image_16_2.jpg'),
(17, 'image_17_1.jpg'),
(17, 'image_17_2.jpg'),
(18, 'image_18_1.jpg'),
(19, 'image_19_1.jpg'),
(20, 'image_20_1.jpg'),
(21, 'image_21_1.jpg'),
(21, 'image_21_2.jpg'),
(22, 'image_22_1.jpg'),
(23, 'image_23_1.jpg'),
(24, 'image_24_1.jpg'),
(25, 'image_25_1.jpg'),
(25, 'image_25_2.jpg'),
(26, 'image_26_1.jpg'),
(27, 'image_27_1.jpg'),
(27, 'image_27_2.jpg'),
(28, 'image_28_1.jpg'),
(29, 'image_29_1.jpg'),
(30, 'image_30_1.jpg'),
(31, 'image_31_1.jpg'),
(32, 'image_32_1.jpg'),
(33, 'image_33_1.jpg'),
(34, 'image_34_1.jpg'),
(35, 'image_35_1.jpg'),
(36, 'image_36_1.jpg'),
(37, 'image_37_1.jpg'),
(38, 'image_38_1.jpg'),
(39, 'image_39_1.jpg'),
(40, 'image_40_1.jpg'),
(41, 'image_41_1.jpg'),
(42, 'image_42_1.jpg'),
(42, 'image_42_2.jpg'),
(43, 'image_43_1.jpg'),
(44, 'image_44_1.jpg'),
(45, 'image_45_1.jpg'),
(46, 'image_46_1.jpg'),
(47, 'image_47_1.jpg'),
(48, 'image_48_1.jpg'),
(49, 'image_49_1.jpg'),
(49, 'image_49_2.jpg'),
(50, 'image_50_1.jpg'),
(50, 'image_50_2.jpg'),
(50, 'image_50_3.jpg');

update GamePurchaseDetails set oods = 1.54 where detailid = 77;
select * from GamePurchaseDetails where detailid = 80;

select * from GamePurchaseDetails
        inner join GamePurchaseList on GamePurchaseDetails.listid = GamePurchaseList.listid
        inner join pointlogs on GamePurchaseList.pointlogid = pointlogs.pointlogid where GamePurchaseList.listid = 51;